1;412;1
2;174;744
3;19;129
4;474;861
5;187;731
6;426;270
7;20;598
8;281;29
9;341;628
10;481;583
11;151;394
12;441;542
13;291;253
14;321;358
15;470;914
16;39;72
17;284;584
18;161;782
19;104;688
20;162;924
21;383;735
22;367;769
23;12;883
24;474;918
25;446;777
26;486;220
27;172;742
28;37;355
29;168;647
30;228;33
31;448;120
32;51;82
33;54;75
34;392;592
35;460;225
36;236;615
37;322;380
38;56;741
39;81;757
40;120;726
41;155;442
42;488;668
43;296;279
44;203;731
45;111;40
46;307;161
47;117;743
48;166;853
49;347;168
50;466;852
51;60;146
52;252;200
53;135;288
54;406;762
55;125;57
56;181;392
57;414;883
58;145;505
59;144;696
60;6;491
61;188;618
62;140;23
63;296;451
64;453;426
65;61;109
66;91;890
67;52;101
68;256;576
69;237;812
70;414;205
71;463;67
72;135;83
73;434;579
74;295;541
75;112;535
76;149;458
77;208;350
78;138;497
79;137;763
80;402;652
81;338;524
82;193;350
83;228;997
84;398;371
85;373;367
86;262;555
87;2;367
88;228;717
89;71;907
90;77;504
91;407;459
92;203;294
93;442;147
94;334;622
95;261;641
96;47;625
97;178;290
98;323;705
99;96;497
100;406;603
101;197;879
102;194;857
103;380;397
104;72;949
105;327;520
106;344;787
107;373;870
108;317;267
109;177;898
110;336;990
111;261;29
112;417;608
113;87;200
114;406;495
115;466;594
116;314;101
117;99;276
118;343;735
119;152;201
120;56;738
121;237;886
122;410;785
123;239;16
124;131;54
125;288;234
126;350;165
127;117;658
128;52;868
129;173;888
130;149;822
131;496;695
132;22;778
133;131;245
134;184;838
135;491;657
136;360;440
137;61;143
138;13;951
139;472;660
140;391;915
141;291;817
142;72;124
143;405;192
144;383;71
145;25;64
146;266;726
147;43;387
148;2;782
149;16;713
150;117;502
151;127;186
152;76;424
153;226;954
154;417;833
155;476;933
156;116;698
157;476;857
158;472;847
159;85;979
160;210;610
161;346;383
162;473;500
163;196;783
164;455;95
165;453;547
166;344;678
167;271;879
168;397;380
169;106;457
170;418;392
171;105;601
172;17;679
173;431;719
174;130;721
175;330;707
176;106;607
177;199;258
178;37;601
179;202;324
180;356;638
181;297;622
182;245;676
183;456;540
184;413;204
185;292;516
186;58;575
187;174;855
188;234;107
189;353;105
190;444;321
191;460;974
192;387;9
193;259;598
194;253;882
195;165;174
196;441;335
197;420;214
198;486;116
199;38;71
200;131;587
201;452;2
202;124;249
203;344;437
204;331;636
205;448;315
206;447;195
207;216;739
208;152;3
209;28;583
210;461;730
211;260;53
212;243;254
213;499;898
214;90;309
215;264;671
216;63;857
217;124;650
218;120;818
219;398;145
220;190;172
221;15;969
222;123;392
223;211;737
224;408;513
225;276;15
226;171;838
227;56;85
228;407;311
229;157;133
230;431;480
231;90;926
232;379;926
233;10;225
234;489;228
235;180;157
236;114;686
237;156;123
238;419;738
239;143;133
240;320;471
241;193;770
242;139;154
243;499;355
244;58;865
245;78;880
246;366;975
247;299;652
248;172;666
249;122;436
250;128;704
251;387;488
252;56;890
253;230;25
254;269;598
255;459;91
256;473;568
257;392;352
258;448;414
259;235;646
260;260;542
261;457;439
262;170;722
263;435;73
264;209;54
265;260;22
266;138;595
267;135;278
268;347;43
269;212;876
270;269;374
271;289;986
272;156;741
273;459;837
274;355;802
275;323;411
276;412;807
277;21;342
278;292;17
279;493;125
280;247;331
281;377;634
282;287;958
283;338;149
284;231;340
285;195;492
286;263;755
287;194;523
288;400;467
289;323;235
290;477;805
291;451;71
292;272;659
293;401;541
294;497;764
295;24;148
296;186;124
297;168;217
298;254;664
299;342;137
300;40;92
301;27;882
302;380;239
303;352;231
304;19;676
305;338;717
306;88;660
307;103;144
308;110;498
309;181;124
310;339;376
311;245;662
312;248;136
313;322;431
314;144;593
315;228;427
316;120;695
317;129;997
318;200;259
319;353;608
320;169;754
321;189;102
322;422;720
323;409;541
324;414;733
325;34;177
326;383;1
327;127;658
328;346;281
329;238;103
330;292;618
331;1;346
332;389;232
333;472;948
334;180;70
335;140;67
336;322;426
337;168;510
338;339;967
339;18;914
340;446;888
341;477;627
342;218;184
343;238;66
344;365;660
345;214;238
346;74;361
347;399;892
348;22;882
349;124;516
350;419;176
351;276;39
352;429;837
353;322;233
354;389;199
355;112;856
356;322;197
357;318;162
358;353;669
359;468;302
360;444;279
361;394;139
362;327;600
363;172;498
364;86;91
365;211;296
366;164;292
367;103;741
368;235;106
369;352;589
370;122;196
371;103;238
372;265;282
373;94;799
374;110;449
375;238;879
376;451;513
377;251;347
378;237;743
379;186;62
380;366;522
381;166;956
382;159;610
383;259;886
384;37;675
385;75;173
386;193;140
387;463;115
388;79;653
389;438;770
390;405;152
391;181;966
392;426;57
393;401;104
394;274;359
395;100;468
396;364;198
397;1;352
398;488;337
399;285;434
400;396;199
401;132;714
402;75;37
403;248;713
404;467;223
405;102;242
406;366;316
407;338;273
408;228;659
409;83;56
410;223;386
411;476;423
412;437;998
413;121;74
414;488;274
415;327;860
416;384;446
417;8;689
418;280;847
419;338;765
420;79;888
421;338;733
422;49;754
423;206;197
424;120;471
425;164;298
426;289;992
427;396;902
428;287;797
429;125;442
430;309;770
431;373;681
432;4;361
433;117;144
434;436;898
435;44;596
436;264;201
437;382;465
438;377;741
439;58;325
440;392;555
441;467;136
442;134;177
443;454;264
444;406;704
445;445;936
446;325;625
447;81;180
448;49;420
449;312;26
450;374;717
451;474;280
452;374;820
453;166;325
454;291;452
455;169;39
456;468;477
457;153;107
458;70;360
459;329;683
460;191;213
461;48;189
462;415;577
463;314;603
464;48;822
465;444;421
466;6;433
467;187;634
468;489;871
469;437;510
470;74;856
471;335;97
472;53;389
473;33;730
474;316;637
475;194;291
476;317;972
477;371;839
478;164;107
479;435;47
480;269;159
481;357;831
482;149;322
483;269;700
484;205;45
485;365;13
486;242;275
487;354;231
488;23;22
489;288;496
490;355;698
491;121;405
492;237;984
493;353;160
494;287;689
495;432;621
496;410;106
497;347;322
498;289;697
499;183;306
500;292;44
501;141;196
502;394;654
503;351;176
504;260;316
505;115;949
506;224;389
507;249;180
508;420;351
509;214;947
510;315;612
511;181;55
512;283;111
513;381;28
514;9;869
515;380;529
516;177;486
517;313;929
518;492;247
519;55;984
520;490;756
521;230;114
522;164;408
523;274;393
524;142;950
525;308;458
526;381;519
527;433;764
528;183;815
529;281;86
530;314;969
531;345;392
532;185;690
533;238;644
534;275;498
535;409;948
536;275;395
537;171;745
538;84;488
539;330;948
540;92;46
541;352;353
542;424;896
543;324;22
544;285;506
545;345;281
546;434;433
547;375;301
548;498;141
549;387;799
550;135;269
551;187;786
552;332;79
553;153;47
554;407;516
555;30;826
556;77;527
557;484;316
558;167;492
559;214;321
560;417;88
561;354;532
562;491;30
563;234;901
564;420;416
565;487;77
566;466;838
567;256;587
568;16;600
569;301;282
570;412;477
571;273;442
572;422;945
573;405;975
574;311;144
575;152;539
576;68;245
577;52;414
578;406;256
579;477;800
580;55;429
581;340;607
582;434;182
583;256;147
584;238;416
585;364;793
586;309;824
587;287;265
588;281;201
589;157;348
590;359;385
591;185;276
592;130;194
593;324;429
594;243;901
595;160;365
596;487;426
597;271;47
598;398;626
599;426;582
600;80;533
601;79;449
602;294;246
603;500;478
604;150;249
605;177;683
606;466;890
607;10;61
608;21;944
609;27;56
610;56;941
611;246;230
612;54;340
613;275;527
614;326;130
615;482;769
616;162;468
617;3;1000
618;178;80
619;252;328
620;19;400
621;210;339
622;208;938
623;280;774
624;33;376
625;332;118
626;182;444
627;480;31
628;324;197
629;104;643
630;205;296
631;133;724
632;55;897
633;309;233
634;194;820
635;165;697
636;211;76
637;453;726
638;26;3
639;225;496
640;278;582
641;424;630
642;444;396
643;233;844
644;349;272
645;197;271
646;174;759
647;112;720
648;462;695
649;390;32
650;139;7
651;130;881
652;162;497
653;187;244
654;45;291
655;353;304
656;249;249
657;7;562
658;55;651
659;224;958
660;307;353
661;488;825
662;101;599
663;91;334
664;94;61
665;277;62
666;472;592
667;413;89
668;485;429
669;14;241
670;70;999
671;400;458
672;499;135
673;471;546
674;488;745
675;209;375
676;443;674
677;123;474
678;360;979
679;88;35
680;106;646
681;339;408
682;77;577
683;396;95
684;294;81
685;33;749
686;265;842
687;206;4
688;415;666
689;163;862
690;205;413
691;481;654
692;47;162
693;29;13
694;201;930
695;372;572
696;6;604
697;348;9
698;352;144
699;351;210
700;466;899
701;348;588
702;191;27
703;201;123
704;137;700
705;348;16
706;275;925
707;407;870
708;179;640
709;105;581
710;30;675
711;445;920
712;174;933
713;116;592
714;254;684
715;482;550
716;435;450
717;410;624
718;129;292
719;500;101
720;54;549
721;209;151
722;425;594
723;304;238
724;474;841
725;228;682
726;285;148
727;484;694
728;251;126
729;211;457
730;193;55
731;284;49
732;201;947
733;469;380
734;107;443
735;113;867
736;79;470
737;121;708
738;471;60
739;61;130
740;52;139
741;266;675
742;80;273
743;340;812
744;297;707
745;196;122
746;134;791
747;151;124
748;336;225
749;284;899
750;388;556
751;470;371
752;140;990
753;345;732
754;290;572
755;428;411
756;292;169
757;126;764
758;4;583
759;426;124
760;308;809
761;358;788
762;59;810
763;322;167
764;94;977
765;30;179
766;111;389
767;282;717
768;344;256
769;459;870
770;316;376
771;185;357
772;398;852
773;328;684
774;250;277
775;70;930
776;3;131
777;51;518
778;314;451
779;479;19
780;139;862
781;338;752
782;275;126
783;494;697
784;374;671
785;99;569
786;363;693
787;244;937
788;368;66
789;347;945
790;482;91
791;106;160
792;72;74
793;424;423
794;335;77
795;133;713
796;65;634
797;297;264
798;453;47
799;126;63
800;451;591
801;491;784
802;299;850
803;360;849
804;315;947
805;303;559
806;253;105
807;297;79
808;458;715
809;457;732
810;336;58
811;125;516
812;480;94
813;286;825
814;440;550
815;278;78
816;281;52
817;468;556
818;118;877
819;283;437
820;387;758
821;75;512
822;120;863
823;33;213
824;495;146
825;298;113
826;480;222
827;391;805
828;300;185
829;342;349
830;89;929
831;444;582
832;165;537
833;251;689
834;386;18
835;455;700
836;156;580
837;282;985
838;166;475
839;297;529
840;481;881
841;115;935
842;186;215
843;119;943
844;69;449
845;306;268
846;179;76
847;237;723
848;131;66
849;166;429
850;182;711
851;292;348
852;260;775
853;350;14
854;178;274
855;368;714
856;121;445
857;282;170
858;18;286
859;269;566
860;232;357
861;213;52
862;269;348
863;233;474
864;258;937
865;124;97
866;353;142
867;33;56
868;248;172
869;485;926
870;351;688
871;367;766
872;48;873
873;192;934
874;451;405
875;193;202
876;334;65
877;475;47
878;137;89
879;371;570
880;295;834
881;253;536
882;105;794
883;30;977
884;466;855
885;173;981
886;192;134
887;49;990
888;185;316
889;8;387
890;54;97
891;414;460
892;375;867
893;322;326
894;463;138
895;379;45
896;275;235
897;294;268
898;413;831
899;196;577
900;81;161
901;422;935
902;401;206
903;156;99
904;267;760
905;323;932
906;414;557
907;364;864
908;195;842
909;267;173
910;78;709
911;325;683
912;394;186
913;325;379
914;63;749
915;343;284
916;85;131
917;352;228
918;392;191
919;78;669
920;225;678
921;265;786
922;428;207
923;193;919
924;193;347
925;304;849
926;301;590
927;253;190
928;55;676
929;86;946
930;426;896
931;350;787
932;33;55
933;220;854
934;231;245
935;334;617
936;268;749
937;39;292
938;176;974
939;431;100
940;466;566
941;165;590
942;441;393
943;204;908
944;233;908
945;335;427
946;241;199
947;294;523
948;428;677
949;101;90
950;341;742
951;447;136
952;365;992
953;162;404
954;395;660
955;401;91
956;92;180
957;440;285
958;78;196
959;295;612
960;344;368
961;362;641
962;99;321
963;482;176
964;367;986
965;405;40
966;85;761
967;71;718
968;60;943
969;25;599
970;265;566
971;29;355
972;479;813
973;261;845
974;249;677
975;121;827
976;84;467
977;420;466
978;60;364
979;49;144
980;188;597
981;159;546
982;145;707
983;340;563
984;442;555
985;417;234
986;79;852
987;24;693
988;82;626
989;264;626
990;240;657
991;229;250
992;43;657
993;289;974
994;99;669
995;144;807
996;222;864
997;97;562
998;16;667
999;322;733
1000;253;287
1001;112;667
1002;329;266
1003;412;738
1004;384;201
1005;123;735
1006;79;744
1007;128;933
1008;326;717
1009;464;288
1010;381;618
1011;412;391
1012;453;91
1013;282;480
1014;110;850
1015;83;155
1016;388;16
1017;394;341
1018;121;495
1019;145;677
1020;291;829
1021;365;273
1022;345;197
1023;119;866
1024;78;478
1025;86;370
1026;21;719
1027;493;461
1028;68;143
1029;232;883
1030;390;983
1031;288;313
1032;238;605
1033;351;902
1034;304;853
1035;374;278
1036;16;98
1037;400;18
1038;422;134
1039;493;541
1040;490;261
1041;337;479
1042;154;995
1043;242;563
1044;169;17
1045;123;243
1046;269;753
1047;123;243
1048;125;71
1049;500;116
1050;383;459
1051;498;785
1052;84;902
1053;338;539
1054;459;624
1055;237;245
1056;314;938
1057;274;369
1058;93;142
1059;391;686
1060;179;457
1061;247;92
1062;496;325
1063;369;377
1064;209;412
1065;212;853
1066;43;833
1067;497;762
1068;437;933
1069;202;350
1070;296;178
1071;482;294
1072;65;585
1073;281;614
1074;349;677
1075;209;42
1076;68;360
1077;268;25
1078;197;214
1079;64;257
1080;114;635
1081;23;1000
1082;488;802
1083;481;860
1084;265;143
1085;83;459
1086;383;906
1087;274;959
1088;460;498
1089;88;356
1090;311;11
1091;493;398
1092;366;868
1093;273;640
1094;457;625
1095;33;925
1096;416;495
1097;371;256
1098;366;799
1099;357;565
1100;325;521
1101;95;924
1102;428;360
1103;156;221
1104;130;692
1105;58;578
1106;317;56
1107;303;161
1108;341;420
1109;106;54
1110;75;904
1111;96;157
1112;8;410
1113;433;984
1114;208;476
1115;451;939
1116;187;178
1117;30;974
1118;410;631
1119;34;892
1120;230;428
1121;407;548
1122;431;495
1123;27;786
1124;497;448
1125;141;318
1126;397;564
1127;427;574
1128;47;818
1129;383;468
1130;260;750
1131;380;820
1132;185;100
1133;220;371
1134;109;480
1135;359;135
1136;63;343
1137;368;176
1138;104;755
1139;362;388
1140;359;344
1141;150;647
1142;178;664
1143;124;955
1144;100;851
1145;428;346
1146;146;801
1147;386;459
1148;211;703
1149;160;79
1150;72;454
1151;429;734
1152;423;621
1153;465;281
1154;405;286
1155;153;935
1156;182;142
1157;437;999
1158;365;423
1159;221;669
1160;373;159
1161;326;987
1162;405;548
1163;194;861
1164;54;140
1165;227;982
1166;200;976
1167;311;360
1168;358;776
1169;15;412
1170;139;670
1171;286;806
1172;401;244
1173;199;317
1174;138;834
1175;322;273
1176;109;655
1177;35;343
1178;34;479
1179;415;383
1180;442;969
1181;276;858
1182;48;65
1183;155;385
1184;431;403
1185;196;26
1186;469;456
1187;111;81
1188;293;838
1189;362;441
1190;266;163
1191;25;15
1192;174;950
1193;450;691
1194;251;942
1195;77;226
1196;270;530
1197;224;612
1198;55;968
1199;157;907
1200;397;30
1201;353;629
1202;473;53
1203;236;917
1204;333;581
1205;228;663
1206;180;582
1207;479;295
1208;236;92
1209;159;435
1210;169;957
1211;36;486
1212;145;6
1213;394;859
1214;438;229
1215;314;700
1216;355;963
1217;469;610
1218;185;302
1219;49;715
1220;303;724
1221;165;681
1222;191;881
1223;408;489
1224;227;276
1225;232;687
1226;37;935
1227;97;797
1228;189;846
1229;140;13
1230;147;810
1231;33;175
1232;263;768
1233;129;47
1234;129;640
1235;344;135
1236;500;709
1237;242;673
1238;264;872
1239;173;109
1240;385;914
1241;30;260
1242;211;318
1243;192;689
1244;60;138
1245;47;651
1246;354;334
1247;188;911
1248;92;335
1249;196;581
1250;46;410
1251;9;349
1252;96;473
1253;317;327
1254;114;420
1255;497;185
1256;163;813
1257;265;885
1258;362;664
1259;434;718
1260;207;278
1261;445;315
1262;495;118
1263;236;662
1264;490;803
1265;273;497
1266;442;365
1267;450;461
1268;160;313
1269;398;405
1270;160;57
1271;211;768
1272;215;861
1273;44;711
1274;439;223
1275;285;668
1276;263;926
1277;230;478
1278;449;146
1279;419;971
1280;168;566
1281;80;550
1282;257;16
1283;112;866
1284;107;714
1285;45;274
1286;78;842
1287;372;103
1288;255;944
1289;410;580
1290;486;415
1291;481;663
1292;221;680
1293;205;470
1294;248;338
1295;322;353
1296;371;730
1297;453;551
1298;212;149
1299;60;953
1300;305;375
1301;249;935
1302;432;704
1303;175;39
1304;238;570
1305;440;719
1306;122;841
1307;264;947
1308;352;517
1309;409;507
1310;216;148
1311;325;743
1312;410;617
1313;172;912
1314;233;325
1315;249;107
1316;487;225
1317;493;996
1318;403;914
1319;268;464
1320;222;778
1321;146;863
1322;143;583
1323;375;583
1324;207;517
1325;260;187
1326;4;905
1327;144;34
1328;411;152
1329;486;666
1330;17;957
1331;66;679
1332;386;741
1333;492;686
1334;397;901
1335;355;906
1336;412;404
1337;372;453
1338;5;58
1339;406;639
1340;275;455
1341;71;128
1342;264;835
1343;320;287
1344;359;398
1345;115;94
1346;481;716
1347;492;466
1348;59;782
1349;474;251
1350;51;308
1351;421;546
1352;478;473
1353;257;771
1354;278;740
1355;71;528
1356;127;603
1357;54;280
1358;100;56
1359;116;759
1360;310;663
1361;124;818
1362;427;243
1363;29;377
1364;77;58
1365;468;202
1366;387;458
1367;367;22
1368;322;57
1369;301;988
1370;40;472
1371;352;486
1372;163;759
1373;240;204
1374;475;416
1375;217;905
1376;458;265
1377;233;248
1378;438;85
1379;421;51
1380;404;209
1381;44;820
1382;257;504
1383;466;833
1384;315;259
1385;214;767
1386;493;216
1387;351;884
1388;389;402
1389;415;614
1390;15;993
1391;233;794
1392;437;968
1393;366;245
1394;208;826
1395;298;865
1396;66;666
1397;179;285
1398;358;42
1399;215;207
1400;366;331
1401;101;951
1402;163;292
1403;116;450
1404;485;788
1405;223;607
1406;442;934
1407;278;774
1408;269;440
1409;327;111
1410;106;969
1411;196;404
1412;461;126
1413;349;223
1414;243;786
1415;76;696
1416;486;338
1417;267;304
1418;174;292
1419;264;293
1420;308;108
1421;280;869
1422;269;171
1423;64;638
1424;100;430
1425;334;940
1426;238;133
1427;403;633
1428;321;614
1429;358;527
1430;289;595
1431;275;1000
1432;175;672
1433;134;63
1434;48;667
1435;406;446
1436;269;537
1437;482;489
1438;38;115
1439;444;293
1440;361;247
1441;96;414
1442;169;618
1443;470;33
1444;352;843
1445;201;512
1446;357;685
1447;461;740
1448;147;820
1449;281;68
1450;458;958
1451;473;559
1452;264;453
1453;214;581
1454;79;919
1455;463;3
1456;126;122
1457;180;961
1458;136;577
1459;350;900
1460;24;875
1461;274;829
1462;316;608
1463;432;72
1464;107;341
1465;466;146
1466;408;291
1467;181;531
1468;98;922
1469;64;651
1470;161;749
1471;244;660
1472;251;865
1473;266;732
1474;367;710
1475;320;447
1476;144;249
1477;140;527
1478;261;131
1479;42;870
1480;88;124
1481;236;986
1482;265;649
1483;99;370
1484;439;747
1485;300;448
1486;13;890
1487;289;423
1488;107;337
1489;420;487
1490;148;977
1491;121;758
1492;372;471
1493;410;575
1494;267;796
1495;124;978
1496;336;153
1497;361;46
1498;244;263
1499;180;552
1500;90;313
1501;416;698
1502;373;212
1503;66;41
1504;63;224
1505;294;68
1506;241;246
1507;466;337
1508;154;712
1509;211;393
1510;297;152
1511;234;839
1512;36;953
1513;43;904
1514;104;140
1515;45;40
1516;321;448
1517;202;491
1518;489;383
1519;480;213
1520;291;984
1521;74;984
1522;281;807
1523;316;62
1524;259;508
1525;317;323
1526;136;210
1527;280;866
1528;352;913
1529;371;474
1530;15;460
1531;192;23
1532;433;619
1533;378;944
1534;326;49
1535;369;464
1536;328;369
1537;394;590
1538;124;290
1539;246;124
1540;281;171
1541;366;593
1542;225;72
1543;412;892
1544;457;329
1545;174;25
1546;114;900
1547;244;620
1548;241;628
1549;173;963
1550;58;559
1551;202;767
1552;461;866
1553;284;490
1554;257;769
1555;354;294
1556;448;481
1557;75;834
1558;315;914
1559;396;1000
1560;474;635
1561;418;878
1562;426;694
1563;290;114
1564;455;434
1565;216;999
1566;260;68
1567;444;635
1568;302;576
1569;430;432
1570;288;332
1571;55;563
1572;103;80
1573;489;455
1574;363;29
1575;252;117
1576;443;220
1577;126;937
1578;52;672
1579;233;408
1580;458;595
1581;305;969
1582;70;566
1583;419;959
1584;479;492
1585;344;795
1586;208;763
1587;219;698
1588;390;766
1589;482;282
1590;256;690
1591;3;244
1592;491;928
1593;365;171
1594;345;662
1595;70;716
1596;288;395
1597;125;239
1598;227;55
1599;499;744
1600;95;613
1601;261;25
1602;206;238
1603;71;96
1604;83;357
1605;73;323
1606;458;183
1607;100;762
1608;399;428
1609;210;25
1610;308;339
1611;308;729
1612;292;339
1613;383;608
1614;400;603
1615;331;294
1616;144;502
1617;149;493
1618;272;72
1619;273;984
1620;486;736
1621;320;18
1622;51;995
1623;172;365
1624;426;443
1625;78;243
1626;212;505
1627;480;143
1628;336;902
1629;57;239
1630;383;973
1631;28;825
1632;355;287
1633;364;71
1634;160;727
1635;211;28
1636;29;993
1637;143;173
1638;285;506
1639;259;90
1640;10;174
1641;157;397
1642;485;677
1643;275;784
1644;384;200
1645;291;264
1646;266;362
1647;141;341
1648;275;51
1649;477;920
1650;237;124
1651;87;67
1652;18;495
1653;30;557
1654;377;638
1655;440;625
1656;20;578
1657;403;5
1658;469;792
1659;441;324
1660;359;104
1661;97;436
1662;434;2
1663;481;777
1664;499;194
1665;239;910
1666;278;148
1667;187;320
1668;292;994
1669;96;513
1670;268;168
1671;458;889
1672;204;239
1673;261;713
1674;413;117
1675;479;245
1676;452;90
1677;159;680
1678;171;867
1679;23;742
1680;190;395
1681;224;846
1682;329;526
1683;304;178
1684;127;898
1685;202;62
1686;314;93
1687;111;465
1688;145;882
1689;414;523
1690;485;816
1691;442;858
1692;120;717
1693;303;5
1694;365;228
1695;79;283
1696;269;69
1697;206;433
1698;179;898
1699;494;687
1700;56;661
1701;7;590
1702;419;39
1703;455;491
1704;283;445
1705;274;304
1706;328;675
1707;228;72
1708;298;333
1709;9;539
1710;259;419
1711;424;86
1712;436;99
1713;247;863
1714;330;738
1715;239;252
1716;381;695
1717;161;742
1718;262;657
1719;278;233
1720;378;904
1721;73;610
1722;144;828
1723;446;856
1724;169;622
1725;272;270
1726;55;531
1727;482;846
1728;185;401
1729;16;805
1730;75;943
1731;172;687
1732;67;591
1733;222;820
1734;164;490
1735;122;255
1736;84;239
1737;193;500
1738;133;834
1739;185;833
1740;499;926
1741;292;164
1742;190;693
1743;252;737
1744;201;892
1745;181;907
1746;217;570
1747;134;467
1748;103;269
1749;76;769
1750;196;951
1751;157;355
1752;463;575
1753;438;929
1754;8;167
1755;438;771
1756;250;471
1757;121;490
1758;71;32
1759;115;897
1760;446;588
1761;217;488
1762;330;952
1763;152;529
1764;272;116
1765;362;882
1766;239;513
1767;183;415
1768;437;114
1769;429;128
1770;63;928
1771;89;349
1772;392;357
1773;462;650
1774;437;549
1775;28;72
1776;99;902
1777;209;360
1778;270;560
1779;188;795
1780;497;832
1781;331;730
1782;254;733
1783;186;582
1784;490;299
1785;194;352
1786;67;263
1787;127;100
1788;105;487
1789;387;839
1790;67;39
1791;422;479
1792;364;904
1793;287;189
1794;448;74
1795;238;69
1796;25;560
1797;57;343
1798;187;490
1799;405;582
1800;289;389
1801;437;40
1802;172;385
1803;281;480
1804;425;786
1805;453;472
1806;399;11
1807;237;291
1808;290;535
1809;279;727
1810;469;819
1811;218;945
1812;267;70
1813;446;257
1814;279;414
1815;84;373
1816;265;293
1817;199;84
1818;268;398
1819;143;610
1820;391;389
1821;440;414
1822;500;607
1823;409;882
1824;440;367
1825;207;666
1826;222;228
1827;403;704
1828;4;31
1829;72;46
1830;174;897
1831;306;995
1832;434;966
1833;157;368
1834;65;335
1835;258;706
1836;332;61
1837;386;426
1838;48;688
1839;112;534
1840;444;55
1841;80;244
1842;339;642
1843;380;565
1844;311;616
1845;475;579
1846;160;957
1847;457;964
1848;393;514
1849;104;848
1850;151;716
1851;73;233
1852;423;260
1853;16;739
1854;42;674
1855;299;7
1856;252;181
1857;173;817
1858;257;98
1859;276;49
1860;93;787
1861;76;132
1862;224;655
1863;393;414
1864;428;136
1865;233;537
1866;184;857
1867;277;859
1868;214;783
1869;162;169
1870;9;930
1871;344;570
1872;461;728
1873;32;626
1874;451;491
1875;52;589
1876;377;671
1877;335;426
1878;20;392
1879;114;359
1880;384;596
1881;273;273
1882;423;339
1883;235;533
1884;269;173
1885;473;339
1886;15;872
1887;237;264
1888;99;154
1889;148;46
1890;42;971
1891;91;249
1892;148;52
1893;384;439
1894;96;336
1895;435;121
1896;459;911
1897;113;195
1898;368;10
1899;148;96
1900;116;306
1901;116;868
1902;127;478
1903;403;651
1904;181;233
1905;150;495
1906;284;533
1907;353;930
1908;173;785
1909;231;721
1910;463;935
1911;178;349
1912;12;915
1913;5;577
1914;215;130
1915;144;948
1916;402;594
1917;39;501
1918;459;118
1919;90;833
1920;149;165
1921;259;52
1922;26;928
1923;397;289
1924;316;770
1925;384;571
1926;234;34
1927;420;343
1928;251;372
1929;331;131
1930;500;904
1931;483;822
1932;446;784
1933;166;519
1934;31;256
1935;115;186
1936;19;413
1937;145;882
1938;28;342
1939;58;55
1940;214;927
1941;322;623
1942;427;522
1943;380;436
1944;342;485
1945;263;906
1946;321;465
1947;472;302
1948;24;802
1949;224;200
1950;238;461
1951;305;306
1952;385;988
1953;161;534
1954;80;391
1955;417;914
1956;300;586
1957;270;728
1958;240;152
1959;331;719
1960;210;134
1961;472;611
1962;412;793
1963;375;704
1964;397;546
1965;210;308
1966;416;152
1967;394;538
1968;109;41
1969;155;167
1970;268;626
1971;395;292
1972;302;118
1973;192;922
1974;439;41
1975;23;500
1976;210;584
1977;292;906
1978;398;931
1979;223;924
1980;51;602
1981;5;296
1982;314;422
1983;285;775
1984;309;720
1985;444;551
1986;149;381
1987;144;543
1988;488;764
1989;168;745
1990;154;225
1991;265;25
1992;165;221
1993;313;60
1994;265;513
1995;428;455
1996;100;639
1997;61;253
1998;427;368
1999;490;60
2000;216;597
2001;469;388
2002;53;587
2003;361;343
2004;63;56
2005;264;749
2006;127;741
2007;211;262
2008;447;320
2009;361;138
2010;414;86
2011;279;645
2012;133;749
2013;451;760
2014;300;145
2015;364;263
2016;322;278
2017;468;897
2018;334;905
2019;269;738
2020;452;413
2021;193;305
2022;214;606
2023;397;980
2024;79;93
2025;98;727
2026;170;639
2027;203;862
2028;326;30
2029;133;472
2030;296;195
2031;230;928
2032;19;852
2033;197;240
2034;321;1000
2035;320;981
2036;196;514
2037;23;355
2038;471;464
2039;179;799
2040;147;296
2041;366;550
2042;416;656
2043;40;1
2044;417;646
2045;186;680
2046;395;117
2047;453;604
2048;222;511
2049;324;609
2050;209;961
2051;27;318
2052;323;485
2053;386;28
2054;171;330
2055;284;761
2056;46;430
2057;8;187
2058;465;916
2059;195;436
2060;309;974
2061;390;112
2062;5;228
2063;318;832
2064;39;616
2065;163;823
2066;96;253
2067;311;709
2068;397;943
2069;424;512
2070;233;567
2071;172;518
2072;465;843
2073;34;34
2074;46;880
2075;29;863
2076;494;99
2077;333;746
2078;280;572
2079;500;460
2080;36;508
2081;355;562
2082;491;195
2083;244;347
2084;252;454
2085;201;329
2086;466;259
2087;303;975
2088;23;652
2089;345;407
2090;413;987
2091;485;321
2092;308;116
2093;263;37
2094;44;537
2095;256;944
2096;379;780
2097;417;889
2098;465;828
2099;376;897
2100;291;201
2101;252;440
2102;143;389
2103;406;576
2104;103;763
2105;175;958
2106;411;587
2107;209;174
2108;431;212
2109;483;282
2110;221;621
2111;474;131
2112;1;606
2113;157;744
2114;315;744
2115;428;812
2116;321;600
2117;129;348
2118;108;882
2119;199;844
2120;402;247
2121;276;89
2122;486;733
2123;220;145
2124;330;173
2125;478;815
2126;18;297
2127;173;513
2128;103;961
2129;62;51
2130;201;862
2131;385;271
2132;164;67
2133;23;582
2134;430;264
2135;8;290
2136;73;536
2137;83;691
2138;235;208
2139;342;106
2140;251;888
2141;489;407
2142;455;761
2143;296;60
2144;407;365
2145;169;968
2146;170;396
2147;336;459
2148;409;56
2149;331;235
2150;384;76
2151;12;577
2152;348;478
2153;64;907
2154;426;146
2155;488;940
2156;270;233
2157;380;557
2158;63;565
2159;317;320
2160;57;1
2161;373;44
2162;403;60
2163;475;864
2164;241;338
2165;313;476
2166;294;826
2167;23;111
2168;466;527
2169;55;189
2170;119;405
2171;478;62
2172;446;492
2173;28;42
2174;317;688
2175;365;697
2176;469;916
2177;445;961
2178;464;698
2179;472;888
2180;207;858
2181;330;720
2182;327;863
2183;132;326
2184;461;176
2185;363;851
2186;155;872
2187;500;553
2188;480;569
2189;244;225
2190;100;352
2191;333;842
2192;120;328
2193;336;792
2194;275;837
2195;2;621
2196;62;353
2197;236;476
2198;104;270
2199;160;240
2200;213;941
2201;138;468
2202;493;341
2203;338;417
2204;265;867
2205;316;10
2206;483;913
2207;51;831
2208;178;54
2209;457;278
2210;407;489
2211;368;671
2212;209;857
2213;265;252
2214;295;473
2215;341;678
2216;46;548
2217;475;979
2218;199;689
2219;26;861
2220;337;538
2221;480;80
2222;497;190
2223;244;172
2224;385;40
2225;239;917
2226;476;612
2227;339;387
2228;141;638
2229;310;131
2230;73;403
2231;402;926
2232;50;494
2233;407;103
2234;32;574
2235;496;952
2236;211;628
2237;317;255
2238;83;778
2239;15;675
2240;236;317
2241;185;202
2242;465;585
2243;493;798
2244;265;245
2245;16;906
2246;409;664
2247;264;919
2248;313;433
2249;66;698
2250;255;689
2251;169;961
2252;248;941
2253;217;312
2254;260;773
2255;351;294
2256;285;492
2257;271;486
2258;2;567
2259;146;148
2260;460;492
2261;423;833
2262;413;694
2263;312;44
2264;431;939
2265;402;105
2266;84;243
2267;7;331
2268;114;16
2269;39;619
2270;147;204
2271;160;400
2272;217;954
2273;404;756
2274;181;442
2275;227;434
2276;310;819
2277;175;910
2278;1;109
2279;73;178
2280;436;164
2281;27;780
2282;85;91
2283;415;645
2284;10;22
2285;39;996
2286;97;568
2287;268;552
2288;4;642
2289;288;668
2290;87;592
2291;358;997
2292;407;102
2293;373;44
2294;17;510
2295;350;922
2296;265;287
2297;376;961
2298;435;97
2299;289;689
2300;294;36
2301;119;575
2302;406;846
2303;190;269
2304;328;928
2305;195;465
2306;53;545
2307;346;707
2308;309;574
2309;106;134
2310;159;867
2311;275;117
2312;438;374
2313;168;846
2314;324;498
2315;228;122
2316;404;780
2317;157;238
2318;286;4
2319;75;248
2320;23;82
2321;334;925
2322;360;137
2323;369;608
2324;176;94
2325;495;597
2326;173;161
2327;434;171
2328;194;301
2329;9;735
2330;119;180
2331;229;847
2332;296;62
2333;450;944
2334;335;504
2335;16;788
2336;285;699
2337;209;665
2338;381;995
2339;19;269
2340;84;86
2341;475;582
2342;109;917
2343;407;569
2344;284;774
2345;441;283
2346;16;168
2347;266;983
2348;73;745
2349;176;11
2350;185;285
2351;95;231
2352;83;905
2353;381;101
2354;63;146
2355;387;657
2356;430;830
2357;11;839
2358;196;488
2359;189;484
2360;486;671
2361;134;876
2362;152;596
2363;367;858
2364;52;573
2365;157;9
2366;332;265
2367;436;496
2368;209;248
2369;188;909
2370;53;231
2371;482;163
2372;68;906
2373;349;306
2374;431;317
2375;73;719
2376;162;732
2377;264;56
2378;438;199
2379;394;274
2380;376;156
2381;352;210
2382;222;569
2383;197;117
2384;226;738
2385;264;474
2386;351;404
2387;55;566
2388;472;602
2389;248;887
2390;108;305
2391;203;117
2392;280;854
2393;32;432
2394;449;16
2395;293;676
2396;401;376
2397;347;348
2398;380;447
2399;258;139
2400;77;961
2401;77;692
2402;66;735
2403;436;861
2404;498;589
2405;414;638
2406;239;387
2407;316;444
2408;193;6
2409;311;83
2410;300;582
2411;38;826
2412;18;69
2413;84;654
2414;71;309
2415;302;607
2416;227;62
2417;346;803
2418;499;297
2419;242;423
2420;17;994
2421;295;89
2422;175;777
2423;310;658
2424;411;828
2425;427;564
2426;485;542
2427;408;367
2428;320;1
2429;77;26
2430;401;178
2431;180;887
2432;469;956
2433;28;893
2434;474;511
2435;139;688
2436;97;499
2437;439;514
2438;470;301
2439;450;339
2440;294;337
2441;65;596
2442;202;361
2443;192;597
2444;389;899
2445;279;595
2446;401;951
2447;321;726
2448;366;379
2449;125;476
2450;302;34
2451;495;510
2452;305;660
2453;274;957
2454;335;378
2455;359;274
2456;347;519
2457;248;994
2458;490;582
2459;178;417
2460;45;607
2461;128;531
2462;486;742
2463;263;988
2464;175;960
2465;219;491
2466;222;593
2467;321;894
2468;395;596
2469;268;821
2470;429;456
2471;293;577
2472;153;356
2473;95;742
2474;372;366
2475;312;816
2476;309;712
2477;468;303
2478;65;451
2479;23;703
2480;363;535
2481;51;991
2482;464;40
2483;64;913
2484;127;504
2485;458;921
2486;181;21
2487;271;974
2488;107;810
2489;356;512
2490;188;904
2491;97;687
2492;9;614
2493;365;823
2494;464;619
2495;422;454
2496;382;537
2497;399;70
2498;253;978
2499;111;382
2500;153;243
2501;66;314
2502;499;853
2503;89;854
2504;163;845
2505;286;746
2506;399;233
2507;32;246
2508;84;876
2509;259;712
2510;197;809
2511;274;657
2512;319;564
2513;143;919
2514;220;368
2515;429;376
2516;233;383
2517;60;273
2518;215;656
2519;373;849
2520;366;458
2521;56;617
2522;440;335
2523;173;715
2524;6;461
2525;42;725
2526;325;613
2527;34;778
2528;370;544
2529;123;20
2530;438;126
2531;131;670
2532;249;585
2533;131;806
2534;445;284
2535;372;406
2536;406;410
2537;5;98
2538;458;194
2539;153;544
2540;476;100
2541;312;381
2542;290;535
2543;318;560
2544;343;210
2545;163;68
2546;357;240
2547;33;211
2548;265;619
2549;7;264
2550;50;888
2551;462;337
2552;226;749
2553;389;716
2554;40;983
2555;468;453
2556;152;942
2557;89;176
2558;415;118
2559;340;915
2560;76;726
2561;369;41
2562;342;150
2563;383;165
2564;102;89
2565;203;850
2566;316;394
2567;461;261
2568;457;471
2569;15;754
2570;292;627
2571;431;324
2572;440;46
2573;484;42
2574;186;923
2575;146;888
2576;100;386
2577;35;420
2578;146;317
2579;101;564
2580;360;944
2581;333;498
2582;421;840
2583;366;935
2584;131;455
2585;268;267
2586;256;965
2587;466;11
2588;141;291
2589;189;308
2590;185;720
2591;189;195
2592;331;770
2593;204;642
2594;39;883
2595;462;539
2596;156;417
2597;218;651
2598;91;709
2599;207;188
2600;331;13
2601;26;473
2602;229;28
2603;469;436
2604;347;876
2605;112;303
2606;214;329
2607;277;400
2608;385;462
2609;470;161
2610;474;311
2611;408;31
2612;63;846
2613;53;337
2614;174;81
2615;243;284
2616;465;615
2617;104;94
2618;362;798
2619;205;487
2620;233;358
2621;17;971
2622;117;12
2623;471;217
2624;288;404
2625;390;787
2626;341;824
2627;191;866
2628;137;502
2629;63;138
2630;120;183
2631;372;66
2632;484;168
2633;87;678
2634;200;970
2635;479;808
2636;317;144
2637;429;815
2638;182;585
2639;371;67
2640;221;891
2641;81;681
2642;220;924
2643;296;90
2644;226;148
2645;416;141
2646;324;905
2647;203;907
2648;61;944
2649;177;59
2650;106;641
2651;431;962
2652;150;527
2653;402;973
2654;213;684
2655;9;483
2656;224;585
2657;437;803
2658;393;772
2659;222;948
2660;343;25
2661;392;464
2662;191;891
2663;320;605
2664;489;197
2665;273;424
2666;458;978
2667;141;382
2668;319;31
2669;498;675
2670;304;726
2671;202;684
2672;474;190
2673;237;734
2674;53;200
2675;325;685
2676;108;740
2677;235;13
2678;296;957
2679;291;701
2680;351;103
2681;142;571
2682;167;131
2683;169;768
2684;316;856
2685;354;604
2686;177;550
2687;452;485
2688;140;919
2689;291;545
2690;67;859
2691;420;77
2692;413;998
2693;289;319
2694;112;320
2695;460;227
2696;40;214
2697;442;995
2698;437;284
2699;253;513
2700;395;814
2701;94;631
2702;109;39
2703;222;989
2704;432;525
2705;121;959
2706;372;892
2707;67;79
2708;30;253
2709;98;612
2710;24;798
2711;65;843
2712;191;171
2713;54;539
2714;50;5
2715;27;856
2716;321;520
2717;33;991
2718;282;688
2719;304;44
2720;282;921
2721;398;379
2722;330;347
2723;282;163
2724;348;648
2725;39;877
2726;84;658
2727;33;878
2728;22;469
2729;294;469
2730;109;896
2731;135;583
2732;291;247
2733;162;70
2734;329;227
2735;430;997
2736;363;751
2737;207;374
2738;254;981
2739;136;850
2740;164;255
2741;493;405
2742;77;34
2743;137;683
2744;19;198
2745;367;318
2746;153;360
2747;394;21
2748;235;197
2749;466;33
2750;152;432
2751;272;200
2752;312;30
2753;485;266
2754;225;922
2755;103;538
2756;165;572
2757;445;581
2758;179;838
2759;170;752
2760;151;530
2761;396;622
2762;442;456
2763;433;886
2764;121;717
2765;157;146
2766;55;156
2767;243;955
2768;210;622
2769;246;580
2770;371;909
2771;166;364
2772;436;599
2773;458;460
2774;399;234
2775;205;348
2776;184;251
2777;308;741
2778;398;859
2779;74;397
2780;192;617
2781;473;613
2782;383;761
2783;340;851
2784;195;519
2785;209;938
2786;170;497
2787;376;992
2788;317;814
2789;156;297
2790;152;956
2791;205;191
2792;301;832
2793;236;485
2794;302;44
2795;471;63
2796;135;853
2797;7;17
2798;213;871
2799;109;473
2800;458;987
2801;249;218
2802;359;586
2803;85;901
2804;430;238
2805;235;103
2806;484;184
2807;500;387
2808;49;799
2809;317;708
2810;422;261
2811;19;698
2812;364;406
2813;362;97
2814;458;575
2815;346;511
2816;423;569
2817;486;931
2818;343;92
2819;91;826
2820;246;717
2821;187;40
2822;245;692
2823;252;798
2824;60;455
2825;306;752
2826;500;876
2827;302;843
2828;421;790
2829;423;484
2830;54;760
2831;113;411
2832;278;670
2833;159;862
2834;15;181
2835;423;862
2836;115;862
2837;391;957
2838;393;890
2839;226;807
2840;496;808
2841;430;721
2842;26;39
2843;70;16
2844;6;76
2845;130;644
2846;150;705
2847;32;949
2848;253;694
2849;399;47
2850;359;788
2851;201;390
2852;493;86
2853;396;190
2854;236;338
2855;243;308
2856;411;853
2857;402;533
2858;150;308
2859;178;357
2860;223;331
2861;61;169
2862;108;690
2863;328;439
2864;252;210
2865;276;460
2866;119;532
2867;435;487
2868;391;413
2869;454;396
2870;325;539
2871;7;532
2872;290;222
2873;407;324
2874;85;487
2875;131;274
2876;195;235
2877;102;830
2878;39;403
2879;349;878
2880;67;21
2881;35;320
2882;409;937
2883;120;479
2884;197;971
2885;369;325
2886;67;920
2887;42;551
2888;57;869
2889;172;599
2890;174;523
2891;473;369
2892;17;558
2893;445;20
2894;220;830
2895;334;49
2896;181;259
2897;460;392
2898;422;88
2899;199;451
2900;448;43
2901;448;829
2902;466;730
2903;321;471
2904;455;60
2905;366;265
2906;47;429
2907;275;676
2908;155;227
2909;99;252
2910;80;178
2911;86;664
2912;321;288
2913;242;172
2914;109;274
2915;464;279
2916;123;30
2917;442;848
2918;64;224
2919;351;11
2920;458;483
2921;87;379
2922;422;446
2923;438;135
2924;442;731
2925;77;185
2926;207;965
2927;241;504
2928;330;885
2929;188;304
2930;454;724
2931;14;703
2932;390;765
2933;415;619
2934;226;8
2935;375;24
2936;155;485
2937;401;41
2938;463;718
2939;305;15
2940;325;263
2941;294;347
2942;299;58
2943;52;675
2944;429;149
2945;426;786
2946;216;192
2947;326;217
2948;417;986
2949;449;142
2950;400;464
2951;306;150
2952;199;71
2953;437;506
2954;109;801
2955;406;711
2956;377;791
2957;116;508
2958;381;988
2959;459;385
2960;223;490
2961;158;313
2962;210;404
2963;219;246
2964;7;486
2965;309;343
2966;167;7
2967;145;489
2968;468;166
2969;236;174
2970;251;744
2971;126;191
2972;109;723
2973;365;889
2974;433;462
2975;75;432
2976;329;731
2977;321;497
2978;37;151
2979;69;415
2980;343;819
2981;290;331
2982;115;2
2983;485;597
2984;290;746
2985;261;383
2986;295;714
2987;147;318
2988;194;987
2989;412;62
2990;446;182
2991;494;478
2992;300;414
2993;432;808
2994;214;127
2995;401;458
2996;461;166
2997;371;300
2998;318;194
2999;85;390
3000;58;348
3001;365;883
3002;149;885
3003;429;132
3004;155;10
3005;238;315
3006;141;959
3007;280;211
3008;312;182
3009;67;974
3010;309;568
3011;403;59
3012;176;557
3013;164;342
3014;477;442
3015;307;257
3016;316;610
3017;164;92
3018;40;817
3019;266;747
3020;464;790
3021;437;560
3022;478;485
3023;242;828
3024;373;346
3025;169;795
3026;398;121
3027;112;679
3028;392;8
3029;336;530
3030;189;322
3031;249;387
3032;456;951
3033;193;402
3034;438;157
3035;498;543
3036;279;995
3037;478;539
3038;48;749
3039;296;908
3040;98;179
3041;152;369
3042;125;609
3043;418;689
3044;376;401
3045;406;854
3046;196;496
3047;329;162
3048;288;426
3049;269;474
3050;140;281
3051;446;537
3052;380;500
3053;362;837
3054;14;416
3055;107;140
3056;471;663
3057;140;545
3058;294;201
3059;220;963
3060;479;111
3061;302;783
3062;474;975
3063;467;521
3064;391;100
3065;243;753
3066;17;978
3067;145;30
3068;486;467
3069;339;355
3070;491;282
3071;212;469
3072;439;431
3073;186;201
3074;284;96
3075;333;464
3076;250;156
3077;81;25
3078;172;908
3079;61;258
3080;271;646
3081;162;731
3082;135;127
3083;246;412
3084;250;14
3085;455;800
3086;344;939
3087;499;796
3088;472;186
3089;167;318
3090;65;728
3091;58;563
3092;443;684
3093;27;140
3094;171;966
3095;481;459
3096;439;80
3097;489;148
3098;344;170
3099;284;149
3100;372;801
3101;258;341
3102;458;928
3103;216;591
3104;286;22
3105;241;251
3106;332;693
3107;147;484
3108;36;165
3109;369;422
3110;26;276
3111;387;193
3112;352;832
3113;365;67
3114;211;372
3115;110;70
3116;390;299
3117;119;165
3118;240;675
3119;165;647
3120;355;742
3121;33;155
3122;158;349
3123;127;914
3124;363;8
3125;140;132
3126;163;906
3127;340;117
3128;373;101
3129;81;29
3130;50;633
3131;3;702
3132;128;248
3133;252;431
3134;110;499
3135;178;806
3136;112;747
3137;78;315
3138;129;77
3139;257;488
3140;247;719
3141;321;449
3142;158;747
3143;395;265
3144;291;892
3145;452;964
3146;11;864
3147;244;452
3148;229;772
3149;268;71
3150;247;51
3151;88;444
3152;113;163
3153;34;453
3154;20;615
3155;209;654
3156;2;556
3157;190;385
3158;204;819
3159;39;241
3160;98;74
3161;51;964
3162;491;118
3163;444;61
3164;467;565
3165;56;583
3166;275;478
3167;311;865
3168;393;763
3169;249;561
3170;491;328
3171;423;479
3172;351;706
3173;166;92
3174;216;725
3175;94;901
3176;365;869
3177;183;304
3178;180;481
3179;303;385
3180;301;451
3181;443;836
3182;74;291
3183;472;546
3184;43;300
3185;362;856
3186;21;517
3187;423;527
3188;340;123
3189;361;915
3190;336;416
3191;353;66
3192;180;497
3193;133;628
3194;130;284
3195;288;709
3196;383;878
3197;392;384
3198;239;728
3199;406;535
3200;500;208
3201;220;104
3202;335;624
3203;281;157
3204;236;894
3205;40;594
3206;248;591
3207;325;156
3208;254;403
3209;8;15
3210;383;791
3211;310;488
3212;52;888
3213;284;84
3214;128;674
3215;298;77
3216;338;688
3217;278;83
3218;193;968
3219;431;285
3220;28;410
3221;34;314
3222;352;270
3223;241;836
3224;394;785
3225;380;827
3226;149;681
3227;382;404
3228;120;462
3229;431;106
3230;85;328
3231;128;758
3232;157;648
3233;276;316
3234;63;831
3235;303;661
3236;448;171
3237;18;454
3238;330;189
3239;17;839
3240;154;790
3241;373;758
3242;153;302
3243;327;695
3244;350;675
3245;246;613
3246;282;351
3247;28;491
3248;242;902
3249;230;204
3250;424;983
3251;336;827
3252;450;37
3253;108;25
3254;408;921
3255;74;214
3256;68;755
3257;424;506
3258;49;354
3259;489;593
3260;37;424
3261;441;742
3262;183;343
3263;251;547
3264;271;967
3265;68;2
3266;184;228
3267;29;629
3268;170;259
3269;156;761
3270;5;83
3271;331;619
3272;249;325
3273;446;42
3274;164;674
3275;388;572
3276;138;34
3277;166;866
3278;483;212
3279;345;864
3280;373;831
3281;170;348
3282;337;998
3283;316;173
3284;100;222
3285;301;911
3286;194;848
3287;286;786
3288;326;886
3289;30;337
3290;273;772
3291;492;64
3292;373;893
3293;446;751
3294;268;59
3295;296;355
3296;299;339
3297;202;380
3298;479;721
3299;328;705
3300;495;535
3301;239;153
3302;393;22
3303;471;920
3304;418;999
3305;321;482
3306;278;259
3307;23;181
3308;131;493
3309;491;642
3310;119;871
3311;20;387
3312;405;551
3313;365;23
3314;351;634
3315;335;82
3316;83;171
3317;191;898
3318;233;836
3319;460;835
3320;213;99
3321;35;128
3322;260;237
3323;363;221
3324;66;213
3325;145;171
3326;464;933
3327;22;687
3328;338;309
3329;396;649
3330;76;623
3331;254;188
3332;386;614
3333;337;269
3334;68;314
3335;240;676
3336;14;221
3337;445;857
3338;183;920
3339;30;849
3340;83;124
3341;12;22
3342;295;548
3343;331;321
3344;130;353
3345;4;468
3346;140;755
3347;352;364
3348;164;235
3349;405;937
3350;190;432
3351;128;621
3352;263;129
3353;421;750
3354;206;499
3355;226;30
3356;82;845
3357;245;340
3358;21;93
3359;65;561
3360;102;91
3361;236;754
3362;113;525
3363;189;978
3364;29;692
3365;115;675
3366;403;106
3367;140;593
3368;473;569
3369;219;842
3370;70;192
3371;176;911
3372;341;599
3373;439;254
3374;293;415
3375;271;196
3376;257;760
3377;125;754
3378;496;982
3379;363;235
3380;261;74
3381;191;635
3382;438;856
3383;15;438
3384;411;210
3385;385;638
3386;203;414
3387;201;151
3388;460;729
3389;34;355
3390;431;508
3391;354;294
3392;450;274
3393;439;362
3394;17;599
3395;366;20
3396;278;717
3397;289;679
3398;408;130
3399;382;220
3400;399;760
3401;51;986
3402;147;314
3403;175;944
3404;305;364
3405;280;606
3406;246;652
3407;313;133
3408;28;896
3409;126;990
3410;214;402
3411;137;349
3412;48;80
3413;407;4
3414;285;848
3415;294;434
3416;53;607
3417;140;562
3418;206;245
3419;5;117
3420;444;401
3421;436;939
3422;486;729
3423;156;528
3424;112;463
3425;423;834
3426;375;83
3427;136;884
3428;125;3
3429;110;214
3430;166;727
3431;418;472
3432;392;996
3433;125;186
3434;366;468
3435;374;642
3436;85;926
3437;34;716
3438;348;910
3439;21;424
3440;48;39
3441;86;493
3442;403;586
3443;475;776
3444;225;533
3445;55;133
3446;274;865
3447;447;369
3448;399;184
3449;500;101
3450;176;969
3451;41;577
3452;327;475
3453;229;946
3454;313;303
3455;433;251
3456;79;883
3457;290;701
3458;468;478
3459;325;599
3460;78;175
3461;115;882
3462;437;658
3463;317;38
3464;460;995
3465;79;732
3466;71;82
3467;26;87
3468;177;184
3469;147;438
3470;399;726
3471;316;780
3472;36;355
3473;422;223
3474;54;401
3475;368;70
3476;412;83
3477;24;766
3478;110;95
3479;159;637
3480;444;111
3481;61;117
3482;246;598
3483;207;783
3484;265;378
3485;10;237
3486;112;752
3487;448;424
3488;292;882
3489;258;104
3490;304;495
3491;210;521
3492;473;937
3493;109;626
3494;28;872
3495;141;923
3496;270;270
3497;296;474
3498;45;6
3499;325;229
3500;389;590
3501;406;957
3502;200;101
3503;118;371
3504;212;17
3505;268;216
3506;273;535
3507;218;302
3508;355;389
3509;369;916
3510;17;689
3511;398;299
3512;265;320
3513;167;4
3514;426;175
3515;277;402
3516;338;222
3517;59;340
3518;228;182
3519;469;174
3520;278;381
3521;479;785
3522;446;708
3523;206;498
3524;428;385
3525;212;154
3526;295;824
3527;238;578
3528;37;762
3529;19;220
3530;430;977
3531;85;633
3532;195;662
3533;393;758
3534;266;336
3535;159;969
3536;356;287
3537;191;923
3538;246;60
3539;368;463
3540;305;427
3541;264;978
3542;227;778
3543;13;256
3544;431;140
3545;462;202
3546;383;12
3547;346;768
3548;134;391
3549;89;677
3550;392;231
3551;51;985
3552;217;422
3553;469;891
3554;233;482
3555;244;417
3556;454;893
3557;454;74
3558;431;599
3559;301;685
3560;214;43
3561;197;208
3562;5;614
3563;67;817
3564;260;293
3565;345;536
3566;57;770
3567;187;341
3568;178;931
3569;276;948
3570;229;124
3571;35;605
3572;220;733
3573;134;737
3574;423;635
3575;114;492
3576;227;963
3577;88;587
3578;11;419
3579;113;484
3580;325;222
3581;198;699
3582;332;945
3583;449;773
3584;453;141
3585;390;6
3586;36;93
3587;98;723
3588;223;936
3589;386;803
3590;277;359
3591;107;555
3592;395;956
3593;5;539
3594;257;792
3595;134;225
3596;291;48
3597;394;557
3598;480;164
3599;371;155
3600;476;740
3601;97;408
3602;301;787
3603;467;172
3604;50;283
3605;457;440
3606;250;874
3607;355;660
3608;162;897
3609;382;104
3610;208;514
3611;284;630
3612;175;577
3613;62;303
3614;87;984
3615;312;271
3616;245;390
3617;23;467
3618;200;645
3619;121;79
3620;71;445
3621;340;342
3622;181;359
3623;379;511
3624;132;914
3625;2;26
3626;95;938
3627;118;8
3628;262;621
3629;360;581
3630;234;143
3631;194;523
3632;453;190
3633;310;418
3634;432;607
3635;394;526
3636;76;908
3637;234;77
3638;124;920
3639;324;854
3640;16;672
3641;432;531
3642;471;536
3643;128;443
3644;216;331
3645;32;198
3646;198;346
3647;131;411
3648;74;850
3649;207;876
3650;441;179
3651;469;940
3652;363;70
3653;290;81
3654;461;128
3655;160;485
3656;295;102
3657;476;242
3658;483;400
3659;274;434
3660;26;838
3661;96;749
3662;239;172
3663;191;442
3664;322;866
3665;367;201
3666;434;54
3667;185;992
3668;220;570
3669;373;15
3670;253;499
3671;137;148
3672;342;848
3673;390;316
3674;221;398
3675;464;228
3676;22;326
3677;393;372
3678;124;883
3679;203;876
3680;129;809
3681;404;313
3682;302;85
3683;231;73
3684;443;893
3685;486;916
3686;434;260
3687;360;901
3688;42;255
3689;279;199
3690;396;656
3691;25;492
3692;493;409
3693;182;879
3694;31;800
3695;490;845
3696;405;140
3697;427;365
3698;286;412
3699;335;698
3700;328;203
3701;156;350
3702;124;770
3703;403;983
3704;255;689
3705;414;564
3706;475;174
3707;100;726
3708;215;436
3709;343;173
3710;397;155
3711;248;783
3712;379;841
3713;161;55
3714;81;512
3715;106;303
3716;138;216
3717;181;419
3718;326;777
3719;77;217
3720;366;834
3721;281;550
3722;53;456
3723;343;651
3724;128;436
3725;119;847
3726;238;901
3727;156;558
3728;495;26
3729;188;34
3730;132;193
3731;372;480
3732;73;64
3733;110;790
3734;56;388
3735;402;104
3736;349;509
3737;397;942
3738;374;149
3739;2;727
3740;16;591
3741;256;433
3742;179;653
3743;199;424
3744;269;952
3745;32;958
3746;208;644
3747;261;995
3748;96;613
3749;318;762
3750;480;675
3751;486;271
3752;314;463
3753;213;682
3754;45;983
3755;285;397
3756;323;131
3757;335;613
3758;242;685
3759;6;994
3760;230;589
3761;134;385
3762;41;117
3763;310;743
3764;440;655
3765;491;855
3766;441;916
3767;301;880
3768;491;902
3769;29;923
3770;262;609
3771;485;120
3772;102;991
3773;211;166
3774;382;479
3775;272;211
3776;40;124
3777;436;533
3778;323;938
3779;3;875
3780;56;411
3781;439;990
3782;241;649
3783;193;298
3784;267;276
3785;403;674
3786;365;205
3787;420;219
3788;444;264
3789;294;506
3790;335;464
3791;239;259
3792;121;764
3793;7;561
3794;79;200
3795;175;272
3796;455;708
3797;500;863
3798;325;647
3799;117;850
3800;64;92
3801;108;400
3802;330;34
3803;23;772
3804;127;275
3805;480;558
3806;121;444
3807;117;815
3808;214;628
3809;473;519
3810;477;674
3811;484;967
3812;277;203
3813;481;460
3814;240;232
3815;5;972
3816;174;904
3817;189;43
3818;66;761
3819;36;906
3820;215;218
3821;267;655
3822;421;730
3823;410;639
3824;386;304
3825;406;401
3826;351;880
3827;64;369
3828;478;232
3829;443;455
3830;193;60
3831;217;635
3832;460;237
3833;23;842
3834;18;115
3835;358;200
3836;136;25
3837;443;961
3838;303;859
3839;231;944
3840;241;458
3841;418;929
3842;177;133
3843;83;357
3844;303;741
3845;434;569
3846;300;91
3847;182;867
3848;262;499
3849;319;79
3850;290;194
3851;444;282
3852;229;950
3853;88;51
3854;188;841
3855;79;968
3856;177;652
3857;143;482
3858;427;28
3859;361;53
3860;292;816
3861;34;504
3862;485;761
3863;120;440
3864;148;824
3865;216;220
3866;363;635
3867;470;538
3868;69;685
3869;395;512
3870;143;150
3871;183;779
3872;230;94
3873;47;447
3874;404;957
3875;260;557
3876;395;568
3877;257;61
3878;437;184
3879;454;965
3880;428;738
3881;353;942
3882;34;617
3883;209;206
3884;110;915
3885;327;420
3886;207;880
3887;185;12
3888;213;726
3889;450;553
3890;294;199
3891;110;748
3892;98;923
3893;356;414
3894;462;716
3895;191;405
3896;424;661
3897;74;661
3898;212;89
3899;8;85
3900;281;65
3901;363;435
3902;53;685
3903;11;263
3904;270;24
3905;283;817
3906;38;810
3907;315;10
3908;12;951
3909;355;522
3910;3;164
3911;149;293
3912;157;304
3913;213;258
3914;395;354
3915;298;634
3916;115;843
3917;408;271
3918;158;145
3919;363;889
3920;138;717
3921;313;109
3922;126;753
3923;211;122
3924;6;168
3925;464;446
3926;222;955
3927;335;34
3928;366;948
3929;330;697
3930;483;13
3931;440;165
3932;150;287
3933;422;394
3934;313;966
3935;4;760
3936;225;390
3937;124;963
3938;389;903
3939;125;160
3940;238;490
3941;393;259
3942;10;818
3943;10;208
3944;479;759
3945;3;928
3946;272;940
3947;498;808
3948;86;681
3949;275;250
3950;448;907
3951;257;486
3952;117;36
3953;127;689
3954;441;332
3955;19;494
3956;435;652
3957;349;603
3958;260;535
3959;36;89
3960;52;556
3961;390;420
3962;447;961
3963;403;760
3964;224;625
3965;365;190
3966;190;656
3967;99;893
3968;58;993
3969;106;642
3970;352;473
3971;2;743
3972;225;559
3973;493;263
3974;426;418
3975;427;259
3976;431;461
3977;476;274
3978;168;533
3979;91;397
3980;386;787
3981;427;848
3982;451;264
3983;283;624
3984;490;787
3985;155;641
3986;370;473
3987;204;838
3988;113;586
3989;244;738
3990;123;70
3991;423;210
3992;70;280
3993;247;830
3994;392;551
3995;129;923
3996;228;973
3997;334;752
3998;410;847
3999;99;26
4000;493;377
4001;137;177
4002;99;320
4003;204;581
4004;120;990
4005;208;132
4006;135;594
4007;239;803
4008;500;603
4009;164;991
4010;86;568
4011;269;782
4012;110;205
4013;453;362
4014;246;520
4015;147;36
4016;220;233
4017;372;897
4018;322;178
4019;319;763
4020;456;321
4021;437;377
4022;25;755
4023;500;18
4024;114;776
4025;458;809
4026;452;190
4027;96;155
4028;85;583
4029;464;709
4030;289;566
4031;305;614
4032;246;234
4033;450;567
4034;203;172
4035;195;217
4036;451;669
4037;169;963
4038;152;426
4039;41;24
4040;398;328
4041;208;461
4042;72;256
4043;239;78
4044;349;377
4045;24;557
4046;228;610
4047;83;155
4048;449;988
4049;390;630
4050;494;559
4051;298;273
4052;333;111
4053;458;46
4054;491;212
4055;453;27
4056;298;847
4057;299;431
4058;270;657
4059;346;584
4060;118;590
4061;376;448
4062;362;868
4063;178;694
4064;111;137
4065;232;11
4066;125;242
4067;464;822
4068;351;299
4069;351;958
4070;407;746
4071;40;15
4072;365;17
4073;298;917
4074;76;515
4075;444;435
4076;210;655
4077;9;65
4078;313;489
4079;53;34
4080;60;559
4081;39;804
4082;443;198
4083;249;611
4084;290;833
4085;495;865
4086;284;353
4087;401;378
4088;349;767
4089;375;682
4090;43;594
4091;252;109
4092;212;691
4093;215;210
4094;158;589
4095;442;927
4096;412;185
4097;420;847
4098;241;424
4099;127;689
4100;132;171
4101;80;133
4102;106;384
4103;170;69
4104;470;756
4105;481;40
4106;410;297
4107;325;633
4108;137;628
4109;278;684
4110;80;481
4111;357;728
4112;431;698
4113;378;37
4114;355;472
4115;460;678
4116;425;643
4117;355;304
4118;12;411
4119;483;248
4120;266;944
4121;169;217
4122;225;758
4123;463;925
4124;280;215
4125;2;196
4126;238;311
4127;50;984
4128;342;714
4129;475;225
4130;161;193
4131;329;520
4132;120;341
4133;290;443
4134;452;295
4135;374;274
4136;33;145
4137;284;576
4138;215;76
4139;472;609
4140;316;850
4141;74;452
4142;265;294
4143;353;462
4144;455;212
4145;465;215
4146;328;750
4147;215;506
4148;182;185
4149;309;875
4150;402;820
4151;395;523
4152;307;15
4153;401;247
4154;264;198
4155;199;855
4156;433;326
4157;119;878
4158;113;259
4159;239;190
4160;235;981
4161;153;283
4162;91;671
4163;356;383
4164;61;11
4165;172;141
4166;440;230
4167;33;882
4168;335;662
4169;218;646
4170;138;299
4171;25;604
4172;16;155
4173;494;318
4174;121;479
4175;185;162
4176;199;651
4177;142;238
4178;300;793
4179;318;424
4180;2;521
4181;416;55
4182;367;378
4183;428;581
4184;400;576
4185;490;228
4186;162;390
4187;338;268
4188;233;924
4189;397;889
4190;179;866
4191;43;477
4192;22;400
4193;109;940
4194;487;224
4195;347;974
4196;446;960
4197;154;54
4198;282;819
4199;307;612
4200;208;699
4201;380;233
4202;481;499
4203;450;192
4204;99;346
4205;53;190
4206;184;536
4207;153;455
4208;210;768
4209;366;176
4210;371;548
4211;325;68
4212;411;586
4213;267;84
4214;15;5
4215;281;97
4216;420;851
4217;207;659
4218;477;31
4219;211;144
4220;120;84
4221;487;829
4222;236;916
4223;39;236
4224;494;626
4225;278;689
4226;475;265
4227;400;59
4228;21;668
4229;316;178
4230;307;603
4231;212;143
4232;35;513
4233;105;456
4234;130;454
4235;368;140
4236;297;204
4237;369;432
4238;351;876
4239;180;654
4240;63;452
4241;449;683
4242;493;552
4243;158;832
4244;469;724
4245;354;974
4246;126;385
4247;60;646
4248;310;523
4249;307;408
4250;204;495
4251;404;140
4252;8;339
4253;283;718
4254;261;892
4255;249;711
4256;316;664
4257;7;608
4258;216;791
4259;417;290
4260;9;443
4261;168;884
4262;460;440
4263;284;337
4264;446;485
4265;366;559
4266;29;95
4267;205;197
4268;206;598
4269;262;416
4270;201;433
4271;76;72
4272;209;173
4273;105;814
4274;157;947
4275;486;780
4276;332;710
4277;398;503
4278;48;196
4279;87;731
4280;162;352
4281;150;255
4282;220;553
4283;395;80
4284;107;924
4285;397;847
4286;68;165
4287;93;162
4288;254;286
4289;104;437
4290;498;121
4291;470;247
4292;191;218
4293;356;545
4294;230;520
4295;118;21
4296;380;414
4297;308;76
4298;497;887
4299;340;883
4300;214;337
4301;160;218
4302;267;317
4303;199;188
4304;11;608
4305;22;803
4306;329;390
4307;427;674
4308;290;663
4309;72;123
4310;145;382
4311;106;197
4312;119;861
4313;116;368
4314;405;656
4315;446;168
4316;43;463
4317;350;328
4318;291;173
4319;312;901
4320;151;13
4321;103;21
4322;11;770
4323;180;227
4324;267;523
4325;105;672
4326;72;890
4327;348;571
4328;470;414
4329;485;608
4330;115;770
4331;336;532
4332;385;463
4333;42;299
4334;81;178
4335;404;451
4336;46;799
4337;171;297
4338;286;741
4339;54;619
4340;233;703
4341;305;403
4342;197;6
4343;382;133
4344;82;700
4345;57;252
4346;403;448
4347;130;240
4348;455;971
4349;331;390
4350;54;448
4351;293;391
4352;307;748
4353;339;157
4354;153;179
4355;472;589
4356;268;522
4357;99;891
4358;356;257
4359;316;874
4360;256;961
4361;361;840
4362;492;567
4363;217;989
4364;483;320
4365;182;995
4366;342;246
4367;27;801
4368;296;365
4369;336;887
4370;459;282
4371;208;72
4372;437;778
4373;263;175
4374;87;12
4375;399;269
4376;77;880
4377;168;886
4378;407;130
4379;235;934
4380;26;213
4381;452;35
4382;232;322
4383;480;931
4384;15;238
4385;67;246
4386;12;873
4387;8;285
4388;217;99
4389;133;287
4390;482;930
4391;363;349
4392;237;315
4393;334;310
4394;102;651
4395;106;92
4396;266;518
4397;49;742
4398;422;362
4399;162;170
4400;253;338
4401;259;27
4402;203;585
4403;78;999
4404;9;140
4405;239;617
4406;238;127
4407;295;353
4408;256;132
4409;241;958
4410;332;378
4411;497;447
4412;398;724
4413;21;118
4414;474;663
4415;483;770
4416;189;929
4417;452;169
4418;239;161
4419;360;852
4420;82;837
4421;395;325
4422;400;616
4423;460;731
4424;179;211
4425;143;436
4426;127;209
4427;186;711
4428;405;552
4429;94;533
4430;212;359
4431;33;826
4432;384;88
4433;388;605
4434;123;929
4435;319;211
4436;206;890
4437;168;729
4438;410;493
4439;463;320
4440;34;233
4441;301;584
4442;274;281
4443;66;185
4444;236;550
4445;182;155
4446;211;917
4447;348;573
4448;468;806
4449;439;393
4450;148;168
4451;13;326
4452;273;543
4453;434;442
4454;301;407
4455;422;243
4456;410;598
4457;299;825
4458;362;894
4459;113;487
4460;475;722
4461;196;19
4462;350;324
4463;359;344
4464;110;45
4465;429;74
4466;367;361
4467;69;53
4468;261;123
4469;397;565
4470;8;991
4471;275;688
4472;357;903
4473;245;622
4474;283;515
4475;393;585
4476;339;356
4477;155;886
4478;274;600
4479;244;2
4480;215;119
4481;332;692
4482;375;33
4483;143;230
4484;298;673
4485;495;805
4486;164;58
4487;323;247
4488;151;62
4489;318;474
4490;75;929
4491;179;836
4492;461;978
4493;86;719
4494;388;355
4495;12;435
4496;94;343
4497;199;291
4498;125;405
4499;119;95
4500;466;601
4501;427;918
4502;84;630
4503;484;643
4504;162;522
4505;248;987
4506;185;806
4507;73;660
4508;430;856
4509;67;344
4510;218;1000
4511;47;216
4512;183;523
4513;257;937
4514;55;57
4515;31;50
4516;325;792
4517;142;763
4518;64;738
4519;222;466
4520;179;206
4521;332;30
4522;162;847
4523;374;790
4524;439;870
4525;263;958
4526;232;898
4527;444;470
4528;462;879
4529;418;966
4530;56;95
4531;488;263
4532;324;224
4533;479;512
4534;402;221
4535;137;459
4536;297;109
4537;491;489
4538;312;553
4539;414;385
4540;187;689
4541;106;816
4542;59;392
4543;443;989
4544;191;448
4545;61;920
4546;254;880
4547;493;899
4548;128;427
4549;54;842
4550;350;679
4551;317;456
4552;332;515
4553;42;629
4554;130;740
4555;429;234
4556;483;64
4557;222;986
4558;431;443
4559;43;703
4560;247;186
4561;428;750
4562;456;622
4563;314;770
4564;73;234
4565;301;535
4566;358;185
4567;194;642
4568;85;963
4569;34;470
4570;314;633
4571;227;398
4572;154;636
4573;281;999
4574;429;428
4575;248;264
4576;440;118
4577;168;959
4578;310;339
4579;25;264
4580;322;402
4581;189;810
4582;1;767
4583;17;26
4584;371;706
4585;492;515
4586;441;817
4587;407;236
4588;113;83
4589;156;573
4590;58;712
4591;84;675
4592;134;299
4593;47;976
4594;106;159
4595;482;157
4596;303;397
4597;339;810
4598;430;334
4599;365;587
4600;110;920
4601;233;464
4602;233;92
4603;398;144
4604;262;800
4605;443;505
4606;56;761
4607;87;995
4608;371;154
4609;301;969
4610;478;947
4611;318;907
4612;122;333
4613;286;6
4614;422;513
4615;286;46
4616;335;503
4617;323;74
4618;372;846
4619;280;654
4620;403;347
4621;246;300
4622;308;780
4623;144;197
4624;244;29
4625;132;903
4626;222;237
4627;236;943
4628;395;562
4629;85;48
4630;346;416
4631;484;801
4632;332;592
4633;216;670
4634;345;347
4635;332;874
4636;158;11
4637;62;676
4638;351;633
4639;213;374
4640;57;287
4641;264;231
4642;221;672
4643;97;282
4644;67;152
4645;276;402
4646;189;678
4647;25;518
4648;206;136
4649;157;849
4650;64;368
4651;23;419
4652;430;924
4653;86;470
4654;26;704
4655;308;979
4656;195;84
4657;430;937
4658;29;228
4659;145;797
4660;445;54
4661;359;777
4662;329;414
4663;294;681
4664;69;448
4665;477;562
4666;331;891
4667;412;421
4668;441;439
4669;465;112
4670;361;535
4671;154;892
4672;135;933
4673;129;364
4674;54;608
4675;242;155
4676;16;424
4677;312;872
4678;102;51
4679;180;621
4680;159;802
4681;92;837
4682;147;885
4683;279;191
4684;265;124
4685;445;392
4686;243;160
4687;88;255
4688;429;839
4689;479;70
4690;89;15
4691;225;942
4692;89;882
4693;173;271
4694;493;613
4695;251;391
4696;436;578
4697;8;641
4698;315;398
4699;202;514
4700;367;74
4701;371;236
4702;67;405
4703;55;241
4704;267;954
4705;83;644
4706;369;685
4707;23;587
4708;32;239
4709;417;854
4710;383;65
4711;327;30
4712;185;789
4713;85;8
4714;420;150
4715;111;353
4716;136;422
4717;423;854
4718;216;150
4719;267;500
4720;212;60
4721;156;761
4722;14;266
4723;150;481
4724;236;736
4725;469;447
4726;351;178
4727;303;598
4728;351;964
4729;65;800
4730;428;969
4731;324;830
4732;359;238
4733;77;694
4734;27;171
4735;124;175
4736;128;969
4737;279;262
4738;268;575
4739;193;591
4740;382;469
4741;461;47
4742;298;585
4743;326;860
4744;341;117
4745;250;64
4746;216;425
4747;49;879
4748;26;773
4749;66;341
4750;131;317
4751;314;509
4752;465;912
4753;351;616
4754;476;578
4755;226;151
4756;322;388
4757;128;54
4758;89;936
4759;255;421
4760;62;430
4761;195;498
4762;437;89
4763;75;778
4764;386;649
4765;195;91
4766;115;914
4767;64;250
4768;27;350
4769;33;999
4770;20;294
4771;314;484
4772;85;115
4773;358;115
4774;446;875
4775;301;340
4776;357;129
4777;41;106
4778;440;192
4779;260;391
4780;137;651
4781;229;575
4782;143;275
4783;75;510
4784;222;705
4785;483;960
4786;202;989
4787;463;866
4788;26;775
4789;165;31
4790;481;169
4791;119;177
4792;117;116
4793;434;901
4794;104;5
4795;118;284
4796;177;841
4797;242;977
4798;419;205
4799;48;607
4800;220;114
4801;275;216
4802;365;82
4803;73;590
4804;366;100
4805;113;587
4806;494;182
4807;149;81
4808;115;337
4809;209;471
4810;329;78
4811;151;217
4812;166;512
4813;456;636
4814;492;742
4815;246;683
4816;498;569
4817;344;682
4818;166;80
4819;92;198
4820;393;938
4821;56;34
4822;424;615
4823;261;83
4824;395;919
4825;452;776
4826;423;658
4827;461;50
4828;246;428
4829;12;723
4830;203;601
4831;412;733
4832;98;98
4833;133;506
4834;475;286
4835;332;637
4836;421;323
4837;164;98
4838;300;405
4839;217;923
4840;203;50
4841;18;829
4842;287;854
4843;486;63
4844;423;503
4845;30;630
4846;269;986
4847;156;832
4848;18;859
4849;43;169
4850;390;97
4851;139;559
4852;401;75
4853;375;657
4854;145;499
4855;200;227
4856;184;579
4857;249;234
4858;324;985
4859;202;877
4860;88;280
4861;405;32
4862;37;238
4863;405;608
4864;352;674
4865;66;655
4866;371;163
4867;178;906
4868;305;392
4869;30;666
4870;226;712
4871;327;219
4872;356;730
4873;26;200
4874;343;248
4875;185;43
4876;98;682
4877;261;797
4878;336;263
4879;242;331
4880;308;555
4881;346;230
4882;238;1000
4883;453;868
4884;37;254
4885;492;389
4886;163;652
4887;202;135
4888;33;598
4889;53;555
4890;302;23
4891;160;677
4892;309;724
4893;108;589
4894;371;849
4895;472;655
4896;129;776
4897;442;808
4898;421;942
4899;440;858
4900;185;263
4901;255;864
4902;366;447
4903;427;198
4904;212;828
4905;9;967
4906;47;26
4907;29;807
4908;92;493
4909;283;357
4910;326;386
4911;429;794
4912;388;950
4913;466;719
4914;108;180
4915;383;104
4916;264;964
4917;177;262
4918;195;278
4919;299;260
4920;433;407
4921;147;245
4922;347;973
4923;451;497
4924;439;703
4925;55;389
4926;413;496
4927;280;751
4928;355;309
4929;145;402
4930;235;822
4931;227;455
4932;478;195
4933;385;738
4934;305;475
4935;379;176
4936;300;526
4937;339;419
4938;103;591
4939;356;989
4940;438;96
4941;233;535
4942;449;372
4943;72;724
4944;374;128
4945;358;287
4946;357;569
4947;261;891
4948;494;293
4949;53;414
4950;362;756
4951;224;688
4952;429;951
4953;200;252
4954;290;122
4955;163;942
4956;303;520
4957;185;165
4958;312;260
4959;123;216
4960;55;606
4961;211;229
4962;287;457
4963;12;583
4964;18;947
4965;425;835
4966;45;326
4967;424;251
4968;197;928
4969;444;166
4970;215;558
4971;444;717
4972;176;433
4973;173;546
4974;90;947
4975;441;427
4976;351;593
4977;110;989
4978;398;76
4979;199;33
4980;306;60
4981;211;692
4982;201;944
4983;435;263
4984;47;65
4985;377;76
4986;373;211
4987;335;807
4988;77;376
4989;147;824
4990;215;904
4991;471;391
4992;496;805
4993;77;960
4994;240;359
4995;420;307
4996;33;985
4997;87;602
4998;246;941
4999;467;846
5000;285;815
